TOPIC,SUBTOPIC,EXERCISE ID,EXERCISE DESCRIPTION
Algebra,Algebra Expressions,EX01,Choose the equivalent algebraic expression
Algebra,Algebra Expressions,EX02,Choose the equivalent algebraic expression
Algebra,Algebra Expressions,EX03,Choose the equivalent algebraic expression
Algebra,Algebra Expressions,EX04,Choose the equivalent algebraic expression
Algebra,Algebra Expressions,EX05,Choose the equivalent algebraic expression
Algebra,Algebra Expressions,EX06,Choose the equivalent algebraic expression
Algebra,Algebra Expressions,EX07,Choose the equivalent algebraic expression
Algebra,Divide & Multiply Algebra,AL01,Solving Equations (form aX = c )
Algebra,Divide & Multiply Algebra,AL02,Solving Equations (form X/a= c )
Algebra,Divide & Multiply Algebra,AL13,Solving Equations (form a/X= c )
Algebra,Divide & Multiply Algebra,AL17,Solving Equations by Multiplication and Division
Algebra,Divide & Multiply Algebra,AL19,Solving Equations by Multiplication and Division
Algebra,Divide & Multiply Algebra,EQ04,Solving Equations (form ax + b = cx+d )
Algebra,Divide & Multiply Algebra,EQ05,Solving Equations (form ax + b = cx+d )
Algebra,Inequalities,IQ02,Write an inequality for each graph
Algebra,Inequalities,IQ03,Solving One Step Inequalities by Adding/ Subtracting
Algebra,Inequalities,IQ04,Solving Two-Step Inequalities
Algebra,Constant of Proportionality,EQ10,Find the constant of proportionality from the equation
Algebra,Constant of Proportionality,EQ11,Find the constant of proportionality for each graph
Algebra,Constant of Proportionality,EQ12,Find the constant of proportionality for each table 
Algebra,Constant of Proportionality,EQ13,Fill in the tables based on their constant of proportionality k
Algebra,Constant of Proportionality,SE01,Arithmetic Sequences Problems
Algebra,Constant of Proportionality,SE02,Arithmetic Sequences Problems
Algebra,Constant of Proportionality,SE03,Arithmetic Sequences Rules
Algebra,Constant of Proportionality,SE04,Geometric Sequences Problems
Algebra,Constant of Proportionality,SE05,Function table
Algebra,Arithmetic Sequences,SE06,Nth Term of an Arithmetic Sequence
Algebra,"Linear equations, Slope and y-intercept",EQ06,Function Tables (Find Slope )
Algebra,"Linear equations, Slope and y-intercept",EQ07,Find the slope of the line through each pair of points
Algebra,"Linear equations, Slope and y-intercept",EQ08,Slope (how steep a straight line is)
Algebra,"Linear equations, Slope and y-intercept",EQ09,Find the slope and the y-intercept of each line
Algebra,"Solving Equations, Algebra",AL03,Solving Equations (form ax + b = c )
Algebra,"Solving Equations, Algebra",AL04,Solving Equations (form ax + b = c ) including negative values 
Algebra,"Solving Equations, Algebra",AL05,Solving Equations (form ax + b = c )
Algebra,"Solving Equations, Algebra",AL06,Solving Equations (form ax + b = c )
Algebra,"Solving Equations, Algebra",AL07,Solving Equations (form ax + b = c )
Algebra,"Solving Equations, Algebra",AL08,Solving Equations with Variables on Both Sides
Algebra,"Solving Equations, Algebra",AL14,Solve for the variable shown in the expression
Algebra,"Solving Equations, Algebra",AL16,Solving Equations by Addition and Subtraction
Algebra,"Solving Equations, Algebra",AL18,Solving Equations by Addition and Subtraction
Algebra,"Solving Equations, Algebra",EQ01,Solving Equations (form ax + b = cx+d )
Algebra,"Solving Equations, Algebra",EQ02,Solving Equations (form ax + b = cx+d )
Algebra,"Solving Equations, Algebra",EQ03,Solving Equations (form ax + b = cx+d )
Algebra,Word Problems Expressions,EX01,Choose the equivalent algebraic expression
Algebra,Word Problems Linear,EQ14,Find k and the missing values in the ratio tables
Algebra,Word Problems Inequalities,IQ01,Linear inequalities word problems
Arithmetic Operations,Multiply and Divide Decimals,DE34,Multiply decimals by decimals
Arithmetic Operations,Multiply and Divide Decimals,DE35,Multiply Decimals
Arithmetic Operations,Multiply and Divide Decimals,DE36,Multiply a whole number and a decimal
Arithmetic Operations,Multiply and Divide Decimals,DE39,1-digit decimal divided by a whole number
Arithmetic Operations,Multiply and Divide Decimals,DE40,2-digit decimal divided by a whole number
Arithmetic Operations,Multiply and Divide Decimals,DE41,3-digit decimal divided by a whole number
Arithmetic Operations,Multiply and Divide Decimals,DE42,Dividing a Decimal Number by a Whole Number
Arithmetic Operations,Multiply and Divide Decimals,DE43,1-digit decimal divided by a whole number b
Arithmetic Operations,Multiply and Divide Decimals,DE44,2-digit decimal divided by a whole number B
Arithmetic Operations,Multiply and Divide Decimals,DE45,Divide decimals
Arithmetic Operations,Multiply and Divide Decimals,PT03,Multiply and Divide by Negative Powers of Ten
Arithmetic Operations,Multiply and Divide Decimals,PT04,Write each number as a power of ten
Arithmetic Operations,Multiply and Divide Decimals,PT06,"Multiply by 10, 100 or 1000"
Arithmetic Operations,Multiply and Divide Decimals,PT07,"Multiply by 0.1, 0.01, and 0.001"
Arithmetic Operations,Multiply and Divide Decimals,PT10,Multiply a decimal by a power of ten 1
Arithmetic Operations,Multiply and Divide Decimals,PT11,Multiply a decimal by a power of ten 2
Arithmetic Operations,Multiply and Divide Decimals,PT12,Multiply a decimal by a power of ten 3
Arithmetic Operations,Multiply and Divide Decimals,PT14,Division by Powers of Ten
Arithmetic Operations,Multiply and Divide Decimals,PT15,"Division by 10, 100, 1000"
Arithmetic Operations,Multiply and Divide Decimals,PT16,Decimals divided by powers of ten
Arithmetic Operations,Multiply and Divide Decimals,PT17,Divide decimals by powers of ten 1
Arithmetic Operations,Multiply and Divide Decimals,PT18,Divide decimals by powers of ten 2
Arithmetic Operations,Multiply and Divide Decimals,PT19,Divide decimals by powers of ten 3
Arithmetic Operations,Multiply and Divide Decimals,PT20,Divide a decimal by a power of ten A
Arithmetic Operations,Multiply and Divide Decimals,PT22,Two-Digit × Negative Powers of Ten
Arithmetic Operations,Multiply and Divide Decimals,PT24,Integer ÷ Multiple of Negative Powers of Ten
Arithmetic Operations,Multiply and Divide Decimals,PT25,One-Digit × Multiples of Negative Powers of Ten
Arithmetic Operations,Multiply and Divide Decimals,PT28,One-Digit × Negative Powers of Ten
Arithmetic Operations,Multiply and Divide Decimals,PT08,Multiplication of a decimal number by a power of ten
Arithmetic Operations,Multiply and Divide Decimals,PT09,Multiplication of a decimal number by a power of ten
Arithmetic Operations,Multiply and Divide Decimals,PT13,Multiply a decimal by a power of ten
Arithmetic Operations,Multiply and Divide Integers,PT01,Multiply and Divide by Positive Powers of Ten
Arithmetic Operations,Multiply and Divide Integers,PT05,Multiply a decimal by a power of ten
Arithmetic Operations,Multiply and Divide Integers,PT21,One-Digit × Positive Powers of Ten
Arithmetic Operations,Multiply and Divide Integers,PT23,Two-Digit × Positive Powers of Ten
Arithmetic Operations,Multiply and Divide Integers,PT26,Integer ÷ Multiple of Positive Powers of Ten
Arithmetic Operations,Multiply and Divide Integers,PT27,One-Digit × Multiples of Positive Powers of Ten
Arithmetic Operations,Multiply and Divide Integers,IN07,Multiplication and division of signed numbers
Arithmetic Operations,Multiply and Divide Integers,IN08,Multiply and divide integers
Arithmetic Operations,Multiply and Divide Integers,IN13,Multiply and Divide Positive and Negative Numbers
Arithmetic Operations,Multiply and Divide Integers,FA10,Prime Factors
Arithmetic Operations,Multiply and Divide Integers,IN24,Multiplication and division of signed numbers
Arithmetic Operations,Multiply and Divide Whole Numbers,TT50,Times Tables
Arithmetic Operations,Multiply and Divide Whole Numbers,TT51,2 Times Table (Mini)
Arithmetic Operations,Multiply and Divide Whole Numbers,TT52,2 Times Table
Arithmetic Operations,Multiply and Divide Whole Numbers,TT53,Times Tables (Short)
Arithmetic Operations,Multiply and Divide Whole Numbers,PT02,Multiply and Divide by Positive Powers of Ten
Arithmetic Operations,Multiply and Divide Whole Numbers,WN16,Multiplying Whole Numbers. Find each product
Arithmetic Operations,Multiply and Divide Whole Numbers,WN18,Dividing Whole Numbers. (No Remainder)
Arithmetic Operations,Multiply and Divide Whole Numbers,WN30,Dividing Whole Numbers by Multiples of 10 With Remainders
Arithmetic Operations,Multiply and Divide Whole Numbers,WN31,Dividing Whole Numbers With Remainders
Arithmetic Operations,Multiply and Divide Whole Numbers,WN32,Divisibility Test
Arithmetic Operations,Multiply and Divide Whole Numbers,WN34,Distributive Property
Arithmetic Operations,Multiply and Divide Whole Numbers,FR26,Multiplying Fractions and Whole Numbers
Arithmetic Operations,Multiply and Divide Whole Numbers,FR28,Dividing Whole Numbers by Fractions
Arithmetic Operations,Multiply and Divide Whole Numbers,WN20,Dividing Whole Numbers (1-Digit Divisor; 2-Digit Quotient )
Arithmetic Operations,Multiply and Divide Whole Numbers,WN21,Dividing Whole Numbers (1-Digit Divisor; 3-Digit Quotient )
Arithmetic Operations,Multiply and Divide Whole Numbers,WN22,Dividing Whole Numbers (1-Digit Divisor; 4-Digit Quotient )
Arithmetic Operations,Multiply and Divide Whole Numbers,WN23,Dividing Whole Numbers (1-Digit Divisor; 5-Digit Quotient )
Arithmetic Operations,Multiply and Divide Whole Numbers,WN24,Dividing Whole Numbers (2-Digit Divisor; 2-Digit Quotient )
Arithmetic Operations,Multiply and Divide Whole Numbers,WN25,Dividing Whole Numbers (2-Digit Divisor; 3-Digit Quotient )
Arithmetic Operations,Multiply and Divide Whole Numbers,WN26,Dividing Whole Numbers (2-Digit Divisor; 4-Digit Quotient )
Arithmetic Operations,Multiply and Divide Whole Numbers,WN27,Dividing Whole Numbers (3-Digit Divisor; 3-Digit Quotient )
Arithmetic Operations,Multiply and Divide Whole Numbers,WN28,Dividing Whole Numbers (3-Digit Divisor; 4-Digit Quotient )
Arithmetic Operations,Multiply and Divide Whole Numbers,WN29,Dividing Whole Numbers (3-Digit Divisor; 5-Digit Quotient )
Arithmetic Operations,Drill Fractions,FR01,Quiz Fractions 
Arithmetic Operations,Drill Integers,WN33,Quiz Basic Operations with whole numbers
Arithmetic Operations,Drill Integers,IN01,Number Systems
Arithmetic Operations,Drill Integers,IN10,Basic operations with signed integers
Arithmetic Operations,Drill Integers,IN23,Quiz Integers # 9
Arithmetic Operations,Drill Integers,BS01,Basic Skills Workout 
Arithmetic Operations,Drills Decimals,DE01,Quiz Basic Operations with Decimals
Arithmetic Operations,Estimate & Round Decimals,DE07,Rounding decimals
Arithmetic Operations,Estimate & Round Integers,WN02,Rouniding Integers
Arithmetic Operations,"Exponents and Roots, Decimals",DE02,Scientific Notation to Standard Form
Arithmetic Operations,"Exponents and Roots, Decimals",DE03,Scientific Notation to Standard Form
Arithmetic Operations,"Exponents and Roots, Decimals",DE08,Scientific Notation
Arithmetic Operations,"Exponents and Roots, Decimals",DE10,Write each number in Scientific Notation
Arithmetic Operations,"Exponents and Roots, Integers",IN14,Squares (What is the value of N²)
Arithmetic Operations,"Exponents and Roots, Integers",IN15,Exponents 
Arithmetic Operations,"Exponents and Roots, Integers",IN16,Multiplying Like Bases with Exponents
Arithmetic Operations,"Exponents and Roots, Integers",IN17,Squares (What is the value of N² )
Arithmetic Operations,"Exponents and Roots, Integers",IN18,Find the square root of N
Arithmetic Operations,"Exponents and Roots, Integers",IN19,Estimating square roots
Arithmetic Operations,"Exponents and Roots, Whole Numbers",WN37,Find the square root of N
Arithmetic Operations,"Exponents and Roots, Algebra",AL50,Quadratic Formula
Arithmetic Operations,Faltantes,IN06,Addition and subtraction of integers
Arithmetic Operations,Faltantes,MN08,Multiplying mixed numbers by whole numbers
Arithmetic Operations,Faltantes,PY02,Find the Hypotenuse (Pythagoras)
Arithmetic Operations,Faltantes,IN25,Addition and subtraction of integers
Arithmetic Operations,Faltantes,WN10,Addition and subtraction of whole numbers
Arithmetic Operations,Faltantes,WN11,Missing numbers in addition and subtraction
Arithmetic Operations,Faltantes,WN12,Find the Missing Addends
Arithmetic Operations,FR22,FR21,Adding and Subtracting Fractions with like denominators
Arithmetic Operations,GCF,FA21,Greatest Common Factor (GCF)
Arithmetic Operations,GCF,FA22,Greatest Common Factor (GCF)
Arithmetic Operations,GCF,FR05,Reducing Fractions to Lowest Terms 
Arithmetic Operations,Least Common Denominator (LCD),FA13,Least Common Denominator (LCD)
Arithmetic Operations,Least Common Multiple (LCM),FA11,Least Common Multiple (LCM)
Arithmetic Operations,Multiplicacion & Division of Fractions,FR24,Multiplying and Dividing Fractions
Arithmetic Operations,Multiplicacion & Division of Fractions,FR27,Dividing Fractions by Whole Numbers
Arithmetic Operations,Multiplicacion & Division of Fractions,FR29,Multiplying Fractions with Cross Cancelling
Arithmetic Operations,Multiplicacion & Division of Fractions,FR30,Dividing Fractions with Cross Cancelling
Arithmetic Operations,Multiplicacion & Division of Mixed Numbers,MN11,Dividing mixed numbers by whole numbers
Arithmetic Operations,Multiplicacion & Division of Mixed Numbers,FR25,Multiplying mixed numbers by fractions
Arithmetic Operations,Multiplicacion & Division of Mixed Numbers,MN07,Multiplying mixed numbers by whole numbers
Arithmetic Operations,Multiplicacion & Division of Mixed Numbers,MN09,Multiplying Mixed Numbers
Arithmetic Operations,Multiplicacion & Division of Mixed Numbers,MN10,Dividing mixed numbers by whole numbers
Arithmetic Operations,Roman Numerals,RO01,Roman Numerals
Arithmetic Operations,Roman Numerals,RO02,Roman Numerals
Arithmetic Operations,PEMDAS & Drill Whole Numbers,OO01,PEMDAS (Order of Operations)
Arithmetic Operations,PEMDAS & Drill Whole Numbers,OO02,PEMDAS (Order of Operations)
Arithmetic Operations,PEMDAS & Drill Whole Numbers,OO03,PEMDAS (Order of Operations)
Arithmetic Operations,PEMDAS & Drill Whole Numbers,OO04,PEMDAS (Order of Operations)
Arithmetic Operations,PEMDAS & Drill Whole Numbers,OO05,PEMDAS (Order of Operations)
Arithmetic Operations,PEMDAS & Drill Whole Numbers,OO06,PEMDAS (Order of Operations)
Arithmetic Operations,PEMDAS & Drill Whole Numbers,OO07,PEMDAS (Order of Operations)
Arithmetic Operations,PEMDAS & Drill Whole Numbers,OO08,PEMDAS (Order of Operations)
Arithmetic Operations,Addition and subtraction of decimals,DE14,Addition and subtraction of decimals
Arithmetic Operations,Addition and subtraction of decimals,DE15,Add Decimals in Columns
Arithmetic Operations,Addition and subtraction of decimals,DE16,Add Decimals in Columns
Arithmetic Operations,Addition and subtraction of decimals,DE17,Add Decimals in columns
Arithmetic Operations,Addition and subtraction of decimals,DE18,Addition with One Decimal Digit
Arithmetic Operations,Addition and subtraction of decimals,DE19,Addition with One Decimal Digit
Arithmetic Operations,Addition and subtraction of decimals,DE20,Addition with Two Decimal Digits
Arithmetic Operations,Addition and subtraction of decimals,DE21,Addition with Two Decimal Digits
Arithmetic Operations,Addition and subtraction of decimals,DE22,Addition with Three Decimal Digits
Arithmetic Operations,Addition and subtraction of decimals,DE23,Addition of Numbers with Three Decimal Digits
Arithmetic Operations,Addition and subtraction of decimals,DE24,Addition of decimals
Arithmetic Operations,Subtraction of decimals,DE25,Subtraction of decimals
Arithmetic Operations,Subtraction of decimals,DE26,Subtract Decimal Numbers
Arithmetic Operations,Subtraction of decimals,DE27,Subtraction of decimals 
Arithmetic Operations,Subtraction of decimals,DE29,Subtract Decimal Numbers One Decimal Digit
Arithmetic Operations,Subtraction of decimals,DE30,Subtract Decimal Hundredths
Arithmetic Operations,Subtraction of decimals,DE31,Subtract Decimal Thousandths
Arithmetic Operations,Subtraction of decimals,DE32,Subtract Decimal Ten Thousandths
Arithmetic Operations,Subtraction of decimals,DE33,Subtraction of decimals
Arithmetic Operations,Add & Subtract Fractions ,FR22,Add 3 fractions with unlike denominators
Arithmetic Operations,Add & Subtract Fractions ,FR23,Adding and Subtracting Fractions
Arithmetic Operations,Add & Subtract Integers,IN03,Addition and subtraction of signed numbers
Arithmetic Operations,Add & Subtract Integers,IN04,Addition and subtraction of integers
Arithmetic Operations,Add & Subtract Integers,IN12,Adding and Subtracting Positive and Negative Numbers
Arithmetic Operations,Add & Subtract Mixed Numbers,MN03,Adding Mixed Numbers
Arithmetic Operations,Add & Subtract Mixed Numbers,MN04,Adding Mixed Numbers with Renaming
Arithmetic Operations,Add & Subtract Mixed Numbers,MN05,Subtracting Mixed Numbers
Arithmetic Operations,Add & Subtract Mixed Numbers,MN06,Subtracting Mixed Numbers with Renaming
Arithmetic Operations,Add & Subtract Whole Numbers,WN04,Adding Whole Numbers
Arithmetic Operations,Add & Subtract Whole Numbers,WN06,Find the Missing Addends
Arithmetic Operations,Add & Subtract Whole Numbers,WN07,Subtracting Whole Numbers. Find each difference.
Arithmetic Operations,Add & Subtract Whole Numbers,WN09,Subtraction with missing numbers
Arithmetic Operations,Word Problems,WN35,WN35 Quiz Word Problems # 8
Arithmetic Operations,Word Problems with Decimals,CM16,Math at the grocery store
Arithmetic Operations,Word Problems with Decimals,DE50,Addition of decimal numbers word problems
Arithmetic Operations,Word Problems with Decimals,DE51,Subtraction of decimals (word problems)
Arithmetic Operations,Word Problems with Decimals,DE52,Word Problems with Division of Decimals
Arithmetic Operations,Word Problems with Decimals,DE53,Multiply decimal numbers word problems
Arithmetic Operations,Word Problems Fractions,FR07,Fractions Word Problems
Arithmetic Operations,Word Problems Fractions,FR08,Fractions Word Problems involving distances
Arithmetic Operations,Word Problems Fractions,FR09,Fractions Word Problems involving lengths
Arithmetic Operations,Word Problems Integers,IN20,Square & Square Root Word Problems
Arithmetic Operations,Word Problems Whole Numbers,WN05,Addition of whole numbers word problems
Arithmetic Operations,Word Problems Whole Numbers,WN08,Subtraction of whole numbers word problems
Arithmetic Operations,Word Problems Whole Numbers,WN17,Multiplication of whole numbers word problems
Arithmetic Operations,Word Problems Whole Numbers,WN19,Division of Whole Numbers Word Problems
Comparing and Ordering,Compare & Order Decimals,DE04,Comparing decimal numbers
Comparing and Ordering,Compare & Order Decimals,DE05,Comparing decimal numbers
Comparing and Ordering,Compare & Order Decimals,DE06,Write the decimals in order from least to greatest
Comparing and Ordering,Compare & Order Fractions,FR10,Fraction Between X and Y
Comparing and Ordering,Compare & Order Fractions,FR11,Fraction Between X and Y (COINS)
Comparing and Ordering,Compare & Order Fractions,FR12,Fraction Between X and Y with like denominators)
Comparing and Ordering,Compare & Order Fractions,FR13,Fraction Between X and Y with like denominators)
Comparing and Ordering,Compare & Order Fractions,FR19,"Comparing Fractions (select <, = or >)"
Comparing and Ordering,Compare & Order Fractions,FR20,Arrange these fractions from smallest to largest
Comparing and Ordering,Compare & Order Fractions,FR50,CALCULATOR for Compare Two Fractions 
Comparing and Ordering,Compare & Order Integers,IN02,Comparing integers 
Comparing and Ordering,Place Value Whole Numbers,WN01,Place Value
Comparing and Ordering,Absolute Value,IN22,Absolute Value
Converting Units,Absolute Value,ME03,"Convert from acres, sq yards, sq feet, sq inches"
Converting Units,Customary Length,ME05,"Convert from inches, feet, yards, miles"
Converting Units,Customary Temperature,ME11,Temperature Conversion 
Converting Units,Customary Time,ME12,"Convert year, month, week, day, hour, min, sec"
Converting Units,Customary Volume,ME07,"Convert from ounces, cups, pints, quarts, gallon"
Converting Units,Customary Weight,ME09,"Convert from ounces, pounds, tons"
Converting Units,Customary Weight,ME01,Converting Metric Measurements
Converting Units,Customary Weight,ME02,Converting Customary Measurements
Converting Units,Customary Weight,ME04,"Convert from cm², m², Km²"
Converting Units,Metric Length,ME06,"Convert from mm, cm, m, Km"
Converting Units,Metric Speed,ME13,Convert measures of Speed
Converting Units,Metric Volume,ME08,"Convert from milliliter, liter, cubic meter"
Converting Units,Metric Weigth,ME10,"Convert from milligram, gram, kilogram"
Data Analysis ,Metric Weigth,PR02,Calculate the Mean for each set of numbers
Data Analysis ,Metric Weigth,PR03,Find the unknown number
Data Analysis ,"Statistics, Calculate the Median",PR04,Calculate the Median for each set of numbers 
Data Analysis ,"Statistics, Calculate the Median",PR05,Calculate the Median for each set of numbers 
Data Analysis ,"Statistics, Mode",PR07,Calculate the Mode for each set of numbers 
Data Analysis ,"Statistics, Range",PR08,Calculate the Range for each set of numbers 
Data Analysis ,"Probability, Dependent Events",PR09,Counting Principle (multiplication principle)
Data Analysis ,"Probability, Dependent Events",PR18,Probability With a Pair of Dice
Data Analysis ,"Probability, Dependent Events",PR19,Two dice are rolled
Data Analysis ,"Probability, Dependent Events",PR20,A fair die is rolled once and a fair coin is flipped once
Data Analysis ,"Probability, Dependent Events",PR21,Pick two marbles without looking
Data Analysis ,"Probability, Dependent Events",PR22,Pick two flowers without looking
Data Analysis ,"Probability, Dependent Events",PR23,Pick two tiles without looking
Data Analysis ,"Probability, Dependent Events",PR24,Three Coins Are Tossed
Data Analysis ,"Probability, Dependent Events",PR25,Pick two bills without looking
Data Analysis ,"Probability, Independent Events ",PR10,Probability With a Single Die
Data Analysis ,"Probability, Independent Events ",PR11,Rolling a single die
Data Analysis ,"Probability, Independent Events ",PR12,Picking numbers out of a hat
Data Analysis ,"Probability, Independent Events ",PR13,Probability of picking a marble from a bag
Data Analysis ,"Probability, Independent Events ",PR14,Probability of picking a marble from a bag
Data Analysis ,"Probability, Independent Events ",PR15,"On the spinner, what is the probability of …"
Data Analysis ,"Probability, Independent Events ",PR16,Probability With a 10 section spinner
Data Analysis ,"Probability, Independent Events ",PR17,Probability of picking a tile from a bag
Data Analysis ,"Probability, Independent Events ",PR26,Probability With School Items
Data Analysis ,"Probability, Independent Events ",PR27,Probability With Marbles
"Equivalent Forms of Fractions, Decimals, Percent ","Probability, Independent Events ",DE09,Write each decimal as a percent
"Equivalent Forms of Fractions, Decimals, Percent ","Probability, Independent Events ",DE11,Converting Decimals to Decimal Fractions
"Equivalent Forms of Fractions, Decimals, Percent ","Probability, Independent Events ",DE12,Converting Decimals to Fractions
"Equivalent Forms of Fractions, Decimals, Percent ","Probability, Independent Events ",DE13,"Converting Fractions, Decimals, and Percents"
"Equivalent Forms of Fractions, Decimals, Percent ",Equivalent Fractions,FR02,Converting Easy Fractions to Decimals
"Equivalent Forms of Fractions, Decimals, Percent ",Equivalent Fractions,FR03,Converting Unit Fractions to Decimals
"Equivalent Forms of Fractions, Decimals, Percent ",Equivalent Fractions,FR04,Find the Equivalent Fractions 
"Equivalent Forms of Fractions, Decimals, Percent ",Equivalent Fractions,FR06,Converting Improper Fractions to Mixed Numbers
"Equivalent Forms of Fractions, Decimals, Percent ",Equivalent Fractions,FR14,Converting Decimal Fractions to Decimals
"Equivalent Forms of Fractions, Decimals, Percent ",Equivalent Fractions,FR15,Converting Fractions to Decimals
"Equivalent Forms of Fractions, Decimals, Percent ",Equivalent Fractions,FR16,Write each Fraction as a Percent
"Equivalent Forms of Fractions, Decimals, Percent ",Equivalent Fractions,FR17,"Converting Fractions, Decimals, and Percents"
"Equivalent Forms of Fractions, Decimals, Percent ",Equivalent Mixed Numbers,MN01,Converting Mixed Numbers to Improper Fractions
"Equivalent Forms of Fractions, Decimals, Percent ",Equivalent Mixed Numbers,MN02,Converting Mixed Numbers to Decimals
"Equivalent Forms of Fractions, Decimals, Percent ",Equivalent Percentages,PE14,Write each percent as a decimal
"Equivalent Forms of Fractions, Decimals, Percent ",Equivalent Percentages,PE16,"Converting Fractions, Decimals, and Percents"
"Equivalent Forms of Fractions, Decimals, Percent ",Equivalent Percentages,FR18,Write each percent as a Fraction
Geometry and Measurement ,Complementary Angles,AN01,Find the complement of each angle measure
Geometry and Measurement ,Complementary Angles,AN03,Complementary Angles 
Geometry and Measurement ,Complementary Angles,AN04,Complementary Angles Equations
Geometry and Measurement ,Full Angles,AN14,Full Circle Angles
Geometry and Measurement ,Full Angles,AN18,Angles around a point
Geometry and Measurement ,Opposite Angles,AN09,Find the measure of the missing angles
Geometry and Measurement ,Opposite Angles,AN12,"Intersecting Lines, Missing Angles"
Geometry and Measurement ,Supplementary Angles,AN05,Find the suplement of each angle measure
Geometry and Measurement ,Supplementary Angles,AN08,Supplementary Angles Equations
Geometry and Measurement ,Supplementary Angles,AN22,Find the suplement of each angle measure
Geometry and Measurement ,Complementary & Supplementary Angles,AN02,Complementary and Supplementary Angles
Geometry and Measurement ,Corresponding Angles,AN10,Angles of parallel lines 1
Geometry and Measurement ,Corresponding Angles,AN11,Angles of parallel lines 2
Geometry and Measurement ,External Angles,AN13,External Angle 
Geometry and Measurement ,Internal Angles,AN15,Missing Angle in a Triangle
Geometry and Measurement ,Internal Angles,AN16,Missing Angle Quadrilateral
Geometry and Measurement ,Internal Angles,AN17,Missing Angle Quadrilateral
Geometry and Measurement ,Internal Angles,AN19,Finding the Third Angle in a Triangle
Geometry and Measurement ,Internal Angles,AN20,Find the measure of the missing angle WP
Geometry and Measurement ,Area & Circumference Circle,CI01,Circle (circumference and area)
Geometry and Measurement ,Area & Circumference Circle,CI03,Circle (circumference and area)
Geometry and Measurement ,Area & Circumference Circle,CI06,Circle problems
Geometry and Measurement ,Area & Circumference Circle,CI07,Circle sectors
Geometry and Measurement ,Area & Perimeter Rectangle,GE04,Find the perimeter and area of a rectangle
Geometry and Measurement ,Area & Perimeter Rectangle,GE05,Find the perimeter and area of a rectangle
Geometry and Measurement ,Area & Perimeter Rectangle,GE06,Find the perimeter and area of a rectangle
Geometry and Measurement ,Area & Perimeter Rectangle,GE07,Length and width of a rectangle given area (with decimals)
Geometry and Measurement ,Area & Perimeter Rectangle,AR35,Find the missing dimension in each rectangle WP
Geometry and Measurement ,Area & Perimeter Rectangle,AR36,Find the missing dimension in each rectangle WP
Geometry and Measurement ,Area & Perimeter Rectangle,AR37,Find the missing dimension in each rectangle WP
Geometry and Measurement ,Area & Perimeter Rectangle,AR38,Area and perimeter of a rectangle (with decimals)
Geometry and Measurement ,Area & Perimeter Rectangle,AR39,Area and perimeter of a rectangle (with decimals)
Geometry and Measurement ,Area & Perimeter Rectangle,AR40,Area and perimeter of a rectangle (with decimals)
Geometry and Measurement ,Area & Perimeter Square,GE01,Find the perimeter and area of a square 
Geometry and Measurement ,Area & Perimeter Square,GE02,Find the perimeter and area of a square 
Geometry and Measurement ,Area & Perimeter Square,GE03,Area and perimeter of a square (with decimals)
Geometry and Measurement ,Area & Volume Triangular Prism,VO10,Base Area of Triangular Prism
Geometry and Measurement ,Area & Volume Triangular Prism,VO11,Height of Triangular Prism
Geometry and Measurement ,Area & Volume Triangular Prism,VO12,Volume of Triangular Prism
Geometry and Measurement ,Area & Volume Triangular Prism,VO13,Volume of Triangular Prism
Geometry and Measurement ,Circle Area ,AR05,Area of a circle
Geometry and Measurement ,Circle Area ,CI05,Find radius given area
Geometry and Measurement ,Area Rhombus,GE10,Area of a Rhombus
Geometry and Measurement ,Area Rhombus,GE11,Area of a Rhombus
Geometry and Measurement ,Area Rhombus,GE09,Area of a Rhombus
Geometry and Measurement ,Area Rhombus,GE12,Area of a Kite
Geometry and Measurement ,Area Trapezoid,GE13,Area of a trapezoid
Geometry and Measurement ,Area Trapezoid,GE14,Area of a trapezoid (decimals)
Geometry and Measurement ,Area Trapezoid,GE15,Area of a trapezoid
Geometry and Measurement ,Area Triangle,GE16,Find the area of a triangle
Geometry and Measurement ,Area Triangle,GE17,Area of a Triangle (decimals)
Geometry and Measurement ,Area Triangle,GE18,Find the area of a triangle
Geometry and Measurement ,"Composite Figures, Area & Perimeter",CF01,Composite Figures 1 
Geometry and Measurement ,"Composite Figures, Area & Perimeter",CF02,Composite Figures 2
Geometry and Measurement ,"Composite Figures, Area & Perimeter",CF03,Composite Figures 3
Geometry and Measurement ,"Composite Figures, Area & Perimeter",CF04,Composite Figures 4
Geometry and Measurement ,"Composite Figures, Area",CF05,Composite Figures 5
Geometry and Measurement ,"Composite Figures, Area",CF06,Composite Figures 6
Geometry and Measurement ,"Composite Figures, Area",CF07,Composite Figures 7
Geometry and Measurement ,"Composite Figures, Area",CF08,Composite Figures 8
Geometry and Measurement ,"Composite Figures, Area",CF09,Composite Figures 9
Geometry and Measurement ,"Composite Figures, Area",CF10,Composite Figures 10
Geometry and Measurement ,"Composite Figures, Area",CF11,Composite Figures 11 with circles
Geometry and Measurement ,"Composite Figures, Area",CF12,Composite Figures 12 with circles
Geometry and Measurement ,"Composite Figures, Area",CF13,Composite Figures 13 with circles
Geometry and Measurement ,"Composite Figures, Area",CF14,Composite Figures 14
Geometry and Measurement ,"Composite Figures, Area",CF15,Composite Figures 15 with circles
Geometry and Measurement ,"Composite Figures, Area",CF16,Composite Figures 16  with circles
Geometry and Measurement ,Drill Angles,AN21,"Identify Types of Angles (Acute, Right, Obtuse, …)"
Geometry and Measurement ,Drill Area,AR01,Area of Plane Shapes
Geometry and Measurement ,Drill Statistics,PR01,Mean/Median/Mode/Range
Geometry and Measurement ,Drill Statistics,PR06,Calculate Mean/Median/Mode
Geometry and Measurement ,Drill Surface Area,SA12,Surface Area
Geometry and Measurement ,Drill Volume,VO00,Quiz Volume 
Geometry and Measurement ,Perimeter of Circle,CI02,Circle (complete the table)
Geometry and Measurement ,Perimeter of Circle,CI04,Find diameter given circumference
Geometry and Measurement ,Perimeter of Rectangles,GE08,Length and width of a rectangle given perimeter (decimals)
Geometry and Measurement ,Pitagoras,GE29,Right Triangle Hypotenuse
Geometry and Measurement ,Pitagoras,PY01,Find the length of the unknown side in right triangles
Geometry and Measurement ,Pitagoras,PY03,Find the Hypotenuse (Pythagoras)
Geometry and Measurement ,Surface Area Cube,SA01,Surface Area of a Cube
Geometry and Measurement ,Surface Area Cube,SA02,Surface Area of a Cube
Geometry and Measurement ,Surface Area Cube,SA30,Find the Side of a cube from Surface Area
Geometry and Measurement ,Surface Area Cylinder,SA09,Surface Area of a Cylinder 1
Geometry and Measurement ,Surface Area Cylinder,SA10,Surface Area of a Cylinder 2
Geometry and Measurement ,Surface Area Cylinder,SA11,Lateral Area of a Cylinder
Geometry and Measurement ,Surface Area Rectangular Prism,SA03,Surface Area of a Rectangular Prism or Cuboid
Geometry and Measurement ,Surface Area Square Pyramid,SA08,Surface area of a square pyramid
Geometry and Measurement ,Surface Area Triangular Prism,SA05,Surface Area of a Right Triangular Prism
Geometry and Measurement ,Surface Area Triangular Prism,SA06,Surface Area of a Triangular Prism
Geometry and Measurement ,Surface Area Triangular Prism,SA07,Surface Area of an Isoceles Triangular Prism
Geometry and Measurement ,Surface Area Triangular Pyramid,SA04,Surface area of a Tetrahedron
Geometry and Measurement ,Volume & Surface Area Cone,VO30,Cone Volume problems
Geometry and Measurement ,Volume & Surface Area Cube,VO02,Cube problems
Geometry and Measurement ,Volume & Surface Area Cylinder,VO28,Cylinder Volume problems
Geometry and Measurement ,Volume & Surface Area Sphere,VO25,Sphere Volume problems
Geometry and Measurement ,Volume of Cone,VO29,Volume of a cone 
Geometry and Measurement ,Volume of Cube,VO01,volume of a cube
Geometry and Measurement ,Volume of Cube,VO03,volume of a cube
Geometry and Measurement ,Volume of Cube,VO04,Volume of a Cube
Geometry and Measurement ,Volume of Cylinder,VO27,Volume of a cylinder
Geometry and Measurement ,Volume Decimals Rectangle Prism,VO32,Volume of a Rectangular Prism or Cuboid
Geometry and Measurement ,Volume Decimals Rectangle Prism,VO33,Cuboid missing value
Geometry and Measurement ,Volume Decimals Rectangle Prism,VO34,Rectangular Prism word problems
Geometry and Measurement ,Volume Decimals Rectangle Prism,VO35,Volume Rectangular Prism 
Geometry and Measurement ,Volume Decimals Rectangle Prism,VO36,Rectangular Prism missing value
Geometry and Measurement ,Volume Decimals Rectangle Prism,VO37,Volume Rectangular Prism 
Geometry and Measurement ,Volume Decimals Rectangle Prism,SA13,Surface Area
Geometry and Measurement ,Volume of a Rectangular Prism,VO05,Volume of a Rectangular Prism or Cuboid
Geometry and Measurement ,Volume of a Rectangular Prism,VO06,Cuboid missing value
Geometry and Measurement ,Volume of a Rectangular Prism,VO08,Rectangular Prism
Geometry and Measurement ,Volume of a Rectangular Prism,VO09,Rectangular Prism missing value
Geometry and Measurement ,Volume of a Rectangular Prism,VO31,Volume Rectangular Prism 
Geometry and Measurement ,Volume of Sphere,VO26,Volume of a sphere
Geometry and Measurement ,Volume of Square Pyramid,VO20,Volume of a square pyramid 
Geometry and Measurement ,Volume of Square Pyramid,VO21,Square Pyramid problems
Geometry and Measurement ,Volume of Square Pyramid,VO22,Square Pyramid Volume Problems
Geometry and Measurement ,Volume of Trapezoidal Prism,VO19,Volume of a trapezoidal prism
Geometry and Measurement ,Volume of Triangular Prism,VO14,Triangular Prism problems
Geometry and Measurement ,Volume of Triangular Prism,VO15,Find the volume of a triangular prism
Geometry and Measurement ,Volume of Triangular Prism,VO16,Volume of a Right Triangular Prism 1
Geometry and Measurement ,Volume of Triangular Prism,VO17,Volume of a Triangular Prism 2
Geometry and Measurement ,Volume of Triangular Prism,VO18,Volume of an Isoceles Triangular Prism 3
Geometry and Measurement ,Volume of Triangular Pyramid,VO23,Triangular Pyramid problems
Geometry and Measurement ,Volume of Triangular Pyramid,VO24,Triangular Pyramid Volume
Geometry and Measurement ,Rectangular Prism problems,VO07,Rectangular Prism problems
Geometry and Measurement ,Missing numbers in addition and subtraction,WN11,Missing numbers in addition and subtraction
Geometry and Measurement ,Word Problems Angles,AN06,Supplement WP
Geometry and Measurement ,Word Problems Angles,AN07,Supplementary Angles
Geometry and Measurement ,Word Problems Area & Perimeter,AR33,Area and perimeter word problems
Geometry and Measurement ,Word Problems Area & Perimeter,AR34,Area and perimeter of rectangles WP
Geometry and Measurement ,Word Problems Composite Figures,CF17,Composite Figures 17 with circles
Personal Financial Literacy ,Discount Finance,CM05,Discounts  Word Problems
Personal Financial Literacy ,Discount Finance,CM06,Find the amount of discount and sale price
Personal Financial Literacy ,Discount Finance,CM07,Find the sale price for each item
Personal Financial Literacy ,Discount Finance,PE01,Quiz Percents 
Personal Financial Literacy ,Discount Finance,CM15,Quiz Consumer Math 
Personal Financial Literacy ,Discount Finance,CM18,Quiz Retail Math # 8
Personal Financial Literacy ,Discount Finance,PE06,Estimating Percents
Personal Financial Literacy ,Discount Finance,PE11,Commission
Personal Financial Literacy ,Discount Finance,PE12,Tips (Tip = cost × tip rate)
Personal Financial Literacy ,Compound Interest,PE09,Price with markup
Personal Financial Literacy ,Simple Interest ,PE10,Simple Interest
Personal Financial Literacy ,Taxes,PE07,Sales Tax 
Personal Financial Literacy ,Taxes,PE08,Price with sales tax
Personal Financial Literacy ,Taxes,CM03,Best Deal
Personal Financial Literacy ,Taxes,CM04,How much change? 
Personal Financial Literacy ,Taxes,CM08,Earning Money WP
Personal Financial Literacy ,Taxes,CM09,Money word problems
Personal Financial Literacy ,Taxes,CM10,Office Depot (Money word problems)
Personal Financial Literacy ,Taxes,CM11,Olive Garden (Money word problems)
Personal Financial Literacy ,Taxes,CM12,Restaurant Math
Personal Financial Literacy ,Taxes,CM13,Sales Tax
Personal Financial Literacy ,Taxes,CM14,Math at Dinner
Personal Financial Literacy ,Taxes,WN36,Money word problems
Personal Financial Literacy ,Word Problems Percents,PE03,Percent of a Number
Personal Financial Literacy ,Word Problems Percents,PE13,Percent Word Problems involving distances
Proportional Reasoning ,Equivalent Proportions,PP08,Percents and Proportions
Proportional Reasoning ,Density,ME14,Volume from density and mass
Proportional Reasoning ,Density,ME15,Volume from density and mass (decimals)
Proportional Reasoning ,Density,ME16,Volume/Density/Mass
Proportional Reasoning ,Density,ME17,Volume/Density/Mass
Proportional Reasoning ,Density,ME18,Volume/Density/Mass
Proportional Reasoning ,Density,ME19,Volume/Density/Mass
Proportional Reasoning ,Proportions with Fractions,PP32,Proportions with fractions
Proportional Reasoning ,Proportions with Fractions,PP33,Find the missing number in the given proportions
Proportional Reasoning ,Drill Proportions,PP03,Quiz ratio/proportion/percent
Proportional Reasoning ,Proportions with Decimals ,PP20,Find the missing number in the given proportions
Proportional Reasoning ,Proportions with Decimals ,PP21,Find the missing number in the given proportions
Proportional Reasoning ,Proportions with Decimals ,PP22,Find the missing number in the given proportions
Proportional Reasoning ,Proportions with Decimals ,PP23,Find the missing number in the given proportions
Proportional Reasoning ,Proportions with Decimals ,PP24,Find the missing number in the given proportions
Proportional Reasoning ,Proportions with Decimals ,PP25,Find the missing number in the given proportions
Proportional Reasoning ,Proportions with Decimals ,PP26,Find the missing number in the given proportions
Proportional Reasoning ,Proportions with Decimals ,PP27,Find the missing number in the given proportions
Proportional Reasoning ,Proportions with Decimals ,PP28,Find the missing number in the given proportions
Proportional Reasoning ,Proportions with Decimals ,PP29,Find the missing number in the given proportions
Proportional Reasoning ,Proportions with Decimals ,PP30,Find the missing number in the given proportions
Proportional Reasoning ,Proportions with Decimals ,PP31,Find the missing number in the given proportions
Proportional Reasoning ,Proportions in Finance,CM01,Find the unit price for each item
Proportional Reasoning ,Proportions in Finance,CM02,Find the unit rate for each situation
Proportional Reasoning ,Proportions with Integers,PP02,Find the missing number in the given proportions
Proportional Reasoning ,Proportions Measurement,ME50,Distance Speed Time Problems 
Proportional Reasoning ,Proportions Measurement,ME51,Distance Speed Time Problems 
Proportional Reasoning ,Proportions Measurement,ME52,Distance Speed Time Problems
Proportional Reasoning ,Proportions Percents,PP09,Using the Proportion Method to Solve Percent Problems 
Proportional Reasoning ,"Similar Figures, Scale",AR04,Quiz Scale Area
Proportional Reasoning ,"Similar Figures, Scale",SF01,Scale Drawing Problems
Proportional Reasoning ,"Similar Figures, Scale",SF02,Find the Scale Factor 
Proportional Reasoning ,"Similar Figures, Scale",SF03,Indirect measurement Problems
Proportional Reasoning ,"Similar Figures, Scale",SF04,Shadow Reckoning Problems
Proportional Reasoning ,"Similar Figures, Scale",SF06,Use similarity to find the perimeter of the larger polygon
Proportional Reasoning ,"Proportions, Similar Figures",SF05,Find the missing side in similar figures
Proportional Reasoning ,"Proportions, Similar Figures",SF10,Similar Rectangles Problems
Proportional Reasoning ,"Proportions, Similar Figures",SF11,Similar Rectangles Problems
Proportional Reasoning ,"Proportions, Similar Figures",SF12,Similar Rectangles Problems
Proportional Reasoning ,"Proportions, Similar Figures",SF13,Similar Triangles Problems 
Proportional Reasoning ,"Proportions, Similar Figures",SF15,Similar Cylinders Problems
Proportional Reasoning ,"Proportions, imilar Triangles",SF14,Similar Triangles Problems 
Proportional Reasoning ,Proportions with Integers,PP10,Find the missing number in the given proportions
Proportional Reasoning ,Proportions with Integers,PP11,Find the missing number in the given proportions
Proportional Reasoning ,Proportions with Integers,PP12,Find the missing number in the given proportions
Proportional Reasoning ,Proportions with Integers,PP13,Find the missing number in the given proportions
Proportional Reasoning ,Proportions with Integers,PP14,Find the missing number in the given proportions
Proportional Reasoning ,Proportions with Integers,PP15,Find the missing number in the given proportions
Proportional Reasoning ,Proportions with Integers,PP16,Find the missing number in the given proportions
Proportional Reasoning ,Proportions with Integers,PP17,Find the missing number in the given proportions
Proportional Reasoning ,Proportions with Integers,PP18,Find the missing number in the given proportions
Proportional Reasoning ,Proportions with Integers,PP19,Find the missing number in the given proportions
Proportional Reasoning ,Proportions Word Problems,PP34,Find the missing number in the given proportions
Proportional Reasoning ,Proportions Word Problems,PP35,Find the missing number in the given proportions
Proportional Reasoning ,Proportions Word Problems,PP36,Find the missing number in the given proportions
Proportional Reasoning ,Proportions Word Problems,PP37,Find the missing number in the given proportions
Proportional Reasoning ,Proportions Word Problems,PP38,Find the missing number in the given proportions
Proportional Reasoning ,Proportions Word Problems,PP39,Find the missing number in the given proportions
Proportional Reasoning ,Proportions Word Problems,PP40,Find the missing number in the given proportions
Proportional Reasoning ,Proportions Word Problems,PP41,Find the missing number in the given proportions
Proportional Reasoning ,Word Problems Proportions,PP01,Ratio and Proportion 
Proportional Reasoning ,Word Problems Proportions,PP04,Solving proportions Problems
Proportional Reasoning ,Word Problems Proportions,PP05,Proportions word problems and equations 
Proportional Reasoning ,Word Problems Proportions,PP06,Directly Proportional word problems
Proportional Reasoning ,Word Problems Proportions,PP07,Inversely Proportional word problems
Proportional Reasoning ,Word Problems Proportions,PP42,Find the unknown value in the proportion
Proportional Reasoning ,Word Problems Proportions,PP43,Distance - Rate - Time Word Problems
Proportional Reasoning ,Word Problems Proportions,PE04,Using the Proportion Method to Solve Percent Problems 
Proportional Reasoning ,Word Problems Proportions,ME20,Liquid measurement conversion problems using proportions
Proportional Reasoning ,Word Problems Proportions,ME21,Time measurement conversion problems using proportions
Proportional Reasoning ,Word Problems Proportions,ME22,Weight conversion problems using proportions
Proportional Reasoning ,Word Problems Proportions,ME23,Converting Units of Measurement Using Proportions
Proportional Reasoning ,Word Problems Proportions,ME24,Converting Units of Measurement Using Proportion
Proportional Reasoning ,Word Problems Proportions,ME26,Temperature word problems
Proportional Reasoning ,Word Problems Proportions,PP50,Car Math
Proportional Reasoning ,Word Problems Proportions,PP51,Road Trip Math
Proportional Reasoning ,Word Problems Measurement,ME25,Converting Units of Measurement Using Proportion
Diagnostic Test,Math Test,TS01,Diagnostic Test 1
Diagnostic Test,Math Test,TS02,Diagnostic Test 2
Diagnostic Test,Math Test,TS03,Diagnostic Test 3
Diagnostic Test,Math Test,TS04,Diagnostic Test 4
Diagnostic Test,Math Test,TS05,Diagnostic Test 5
Diagnostic Test,Math Test,IN21,Addition of Integers Snake 
The Real Number System,Real Number System,IN26,The Real Number System (SETS)
The Real Number System,Real Number System,IN27,The Real Number System (SETS)
The Real Number System,Real Number System,IN28,The Real Number System (SETS)
The Real Number System,Real Number System,IN29,The Real Number System (SETS)